PassengerId,Survived,Pclass,Name,Sex,Age,SibSp,Parch,Ticket,Fare,Cabin,Embarked
1,1,2,"Yoon, Miss. Sora",female,28.8,0,3,T283978,5.884,,S
2,0,2,"Choi, Mr. Taeyang",male,35.4,3,0,T792472,22.0571,B138,Q
3,0,2,"Song, Mr. Sungmin",male,,0,2,T417687,28.3878,,Q
4,0,3,"Han, Mr. Junho",male,13.9,0,0,T186310,20.1664,,S
5,0,3,"Hwang, Mr. Minsu",male,9.7,3,0,T871329,14.4529,,S
6,0,3,"Lee, Mr. Minsu",male,37.9,1,2,T967845,9.6805,F137,S
7,1,3,"Yoon, Mr. Junho",male,53.2,0,0,T265128,7.6717,,C
8,0,1,"Lee, Mr. Junho",male,38.8,4,0,T298543,176.7668,F69,C
9,0,3,"Song, Mr. Taeyang",male,32.3,0,0,T536729,17.7419,,S
10,0,3,"Park, Mr. Junho",male,,0,0,T398845,27.5028,,C
11,0,3,"Yoon, Mr. Taeyang",male,30.6,0,0,T980327,22.1698,,S
12,1,2,"Kang, Miss. Sora",female,58.5,0,0,T387891,25.241,,C
13,1,1,"Shin, Mr. Woojin",male,37.7,0,0,T616261,143.6775,E115,S
14,0,3,"Lim, Mr. Woojin",male,25.8,2,0,T128540,1.9054,,Q
15,0,3,"Park, Mr. Taeyang",male,21.8,2,0,T497603,4.8519,,C
16,1,2,"Oh, Miss. Seoyeon",female,29.4,0,0,T159115,10.1571,,S
17,1,1,"Han, Mrs. Jiwoo",female,23.9,0,0,T994943,63.1082,,C
18,1,1,"Ko, Mrs. Chaewon",female,65.3,0,1,T356391,187.2942,,S
19,0,2,"Shin, Mr. Woojin",male,8.7,0,0,T128043,31.9503,,C
20,1,2,"Song, Mrs. Chaewon",female,,0,1,T199857,33.8212,,C
21,0,1,"Kang, Mr. Junho",male,17.2,4,0,T681737,99.3738,,S
22,1,3,"Park, Mr. Junho",male,28.6,0,0,T165577,4.1723,,S
23,0,1,"Jung, Mrs. Eunbi",female,19.8,0,0,T273442,129.9195,,S
24,0,3,"Song, Mr. Hyun",male,63.4,0,0,T171554,24.6736,,S
25,1,3,"Ahn, Mr. Taeyang",male,51,3,0,T227017,31.8187,A133,C
26,0,1,"Lee, Mr. Jiho",male,18.1,4,0,T255192,91.2475,B17,S
27,1,1,"Han, Mrs. Hana",female,36.7,0,0,T737083,197.2351,,S
28,1,1,"Han, Miss. Minji",female,40.1,1,0,T418220,27.1601,A79,S
29,0,3,"Jeon, Mr. Daniel",male,,0,0,T893248,4.2063,,S
30,0,3,"Seo, Mr. Hyun",male,27.8,4,0,T720502,18.0607,,C
31,1,3,"Lee, Mrs. Jiwoo",female,18.7,2,0,T966985,12.6346,,S
32,1,3,"Lim, Mr. Taeyang",male,18.5,1,0,T152974,7.4114,,S
33,0,2,"Han, Mrs. Chaewon",female,22,0,1,T366017,25.5877,,S
34,0,1,"Oh, Mr. Jiho",male,26.8,0,0,T315116,12.7621,,S
35,1,3,"Choi, Mrs. Seoyeon",female,,0,0,T878372,3.1522,,S
36,0,3,"Oh, Mr. Daniel",male,31.2,0,3,T483235,17.5292,,S
37,1,3,"Kim, Mr. Daniel",male,48.1,4,0,T719191,22.9607,,S
38,0,3,"Yoon, Mr. Junho",male,37.7,0,0,T817939,4.071,E99,S
39,0,1,"Park, Mrs. Minji",female,10.9,1,0,T328566,122.1279,,Q
40,1,3,"Hwang, Mrs. Minji",female,,0,0,T711325,29.7019,,Q
41,0,3,"Kim, Mr. Daniel",male,52.8,0,0,T296597,11.4844,,Q
42,1,3,"Song, Miss. Jiwoo",female,35.1,2,2,T917109,3.0896,,C
43,1,3,"Ryu, Mr. Minsu",male,,0,0,T559626,14.3767,,S
44,0,2,"Jeon, Mr. Daniel",male,43.9,3,0,T460677,20.1896,,S
45,0,3,"Hong, Mrs. Hana",female,8.4,0,3,T165309,8.0419,D32,C
46,1,1,"Kang, Mr. Junho",male,33.2,2,0,T619274,58.7418,,C
47,0,1,"Ryu, Mr. Woojin",male,,0,0,T766903,2.3516,,S
48,0,3,"Lim, Mr. Woojin",male,24.2,0,2,T340359,16.5442,E8,S
49,0,1,"Seo, Mrs. Yuna",female,27.1,0,0,T809008,81.2585,,C
50,0,3,"Ko, Mrs. Sora",female,24.6,0,0,T505000,14.6543,D137,S
51,0,2,"Hwang, Mr. Sungmin",male,,0,0,T258449,47.6604,C59,S
52,0,3,"Jung, Mr. Jiho",male,2.5,0,0,T787137,34.6046,E48,S
53,1,3,"Han, Miss. Seoyeon",female,38.2,1,0,T354264,15.2229,,C
54,0,3,"Choi, Mrs. Seoyeon",female,11.3,0,0,T990311,12.8142,,C
55,0,1,"Ahn, Miss. Jiwoo",female,34.2,2,0,T367402,201.8398,,S
56,0,3,"Shin, Mr. Sungmin",male,19.9,0,0,T632188,2.5307,,S
57,0,3,"Lee, Mr. Jiho",male,38.6,0,0,T118720,10.6257,A26,Q
58,0,3,"Jeon, Mr. Hyun",male,29.5,0,0,T959410,23.6208,,S
59,0,1,"Hong, Mr. Sungmin",male,16,0,0,T618392,52.2616,,S
60,1,3,"Yoon, Miss. Yuna",female,35.9,1,0,T211072,29.0044,F45,S
61,1,1,"Jung, Miss. Jiwoo",female,26.7,4,0,T996985,116.5915,,Q
62,0,2,"Han, Mrs. Seoyeon",female,57.1,2,0,T557880,13.5322,,C
63,0,3,"Oh, Miss. Yuna",female,,0,0,T472078,17.1986,,S
64,0,1,"Lee, Mr. Hyun",male,2.2,4,2,T922418,115.5668,,C
65,1,3,"Jeon, Miss. Chaewon",female,29.1,0,1,T384656,6.7685,,S
66,1,2,"Kang, Mr. Daniel",male,28.1,1,0,T168049,2.684,,C
67,0,3,"Kim, Mr. Hyun",male,28.8,2,0,T529604,11.6762,,S
68,0,2,"Shin, Miss. Chaewon",female,22.1,0,3,T490605,32.0197,,C
69,1,3,"Han, Miss. Hana",female,38,2,0,T940453,19.7708,,S
70,1,3,"Lee, Miss. Yuna",female,24,0,0,T631178,11.9985,,C
71,1,1,"Kang, Mrs. Minji",female,48.9,0,0,T880306,3.7952,,S
72,1,3,"Seo, Mr. Taeyang",male,58.2,0,1,T536785,7.4336,,S
73,0,2,"Hong, Mr. Sungmin",male,,0,0,T980087,23.4215,,S
74,0,3,"Shin, Mr. Taeyang",male,20,1,2,T262095,11.039,,S
75,0,3,"Kwon, Mr. Hyun",male,7.5,0,0,T972532,17.3833,,C
76,1,2,"Kim, Mr. Jiho",male,13.6,0,0,T826270,1.7702,,S
77,0,1,"Park, Mr. Sungmin",male,10,0,0,T967867,55.2646,B108,C
78,0,2,"Kang, Mrs. Jiwoo",female,18.1,0,0,T498701,3.2803,,S
79,0,3,"Jeon, Mr. Junho",male,,0,3,T118304,5.8417,,S
80,0,3,"Lee, Mr. Sungmin",male,21,1,2,T139951,5.2034,,S
81,0,3,"Kwon, Mr. Hyun",male,28.7,0,0,T109539,15.4435,,S
82,1,2,"Park, Mrs. Jiwoo",female,14.1,0,0,T738994,23.8737,,
83,0,2,"Han, Mr. Taeyang",male,45.4,0,2,T290339,16.78,,S
84,0,1,"Ahn, Mr. Hyun",male,38,0,0,T661741,18.3494,,S
85,0,3,"Oh, Mrs. Jiwoo",female,55.7,3,0,T714560,16.2681,,S
86,0,3,"Ryu, Mr. Hyun",male,13.3,3,0,T283964,12.372,,S
87,1,3,"Kang, Mrs. Jiwoo",female,49.2,1,0,T241438,10.077,,S
88,0,1,"Hong, Mr. Daniel",male,38.7,4,0,T839306,158.7723,,S
89,0,3,"Kim, Mr. Minsu",male,23.9,0,2,T817865,2.1691,,Q
90,1,2,"Shin, Mr. Taeyang",male,23.6,0,0,T407437,7.867,B68,S
91,0,3,"Kang, Mr. Sungmin",male,14.8,0,0,T496632,4.3099,,C
92,0,1,"Yoon, Mr. Junho",male,34.7,0,0,T875105,148.041,,S
93,0,3,"Oh, Mr. Taeyang",male,14,0,0,T571077,19.7832,,S
94,1,3,"Lee, Mrs. Sora",female,21.3,0,0,T526529,10.4306,,S
95,1,3,"Lee, Mrs. Seoyeon",female,28.8,0,0,T323494,19.4249,,S
96,1,1,"Hong, Mrs. Jiwoo",female,,0,0,T565881,19.4596,,S
97,0,2,"Hong, Mr. Hyun",male,,0,0,T845637,38.0686,,S
98,1,3,"Ahn, Mr. Minsu",male,25.1,3,0,T133094,0.4507,,S
99,0,1,"Jung, Mrs. Sora",female,43.9,0,0,T918650,4.0545,,S
100,0,3,"Han, Mr. Jiho",male,,4,0,T941080,6.7652,C84,S
101,0,1,"Park, Mr. Hyun",male,15.2,0,0,T346494,99.7192,,C
102,0,3,"Ryu, Mr. Daniel",male,30.3,0,0,T890030,28.6605,,Q
103,0,1,"Jung, Mr. Sungmin",male,57.5,0,0,T513965,70.5276,,Q
104,1,3,"Shin, Miss. Sora",female,38.6,0,0,T512467,21.2056,,S
105,0,3,"Han, Mr. Jiho",male,46.7,3,1,T766358,35.9722,,S
106,0,3,"Ahn, Mr. Minsu",male,40.7,0,0,T226903,9.9137,,C
107,0,3,"Kang, Mr. Hyun",male,,0,0,T105394,6.4292,,S
108,1,1,"Park, Mrs. Hana",female,31.5,3,3,T374195,54.6534,,S
109,1,3,"Choi, Mrs. Yuna",female,31.5,0,0,T405709,3.708,,S
110,0,3,"Lee, Mr. Junho",male,13.5,0,0,T642783,16.7031,C114,S
111,0,3,"Lee, Mr. Taeyang",male,7.2,0,0,T940445,33.5384,,S
112,0,1,"Yoon, Mr. Hyun",male,53.4,0,1,T508641,5.0607,,C
113,0,2,"Lee, Mr. Hyun",male,,0,0,T391316,23.5342,,S
114,0,2,"Jung, Mr. Jiho",male,17,0,1,T876105,0.8302,,S
115,1,3,"Jeon, Miss. Sora",female,36.7,0,2,T414614,17.7507,D22,S
116,1,3,"Lee, Miss. Sora",female,8.4,2,0,T808451,19.2241,,S
117,0,3,"Oh, Mr. Woojin",male,48.4,0,0,T902820,9.4851,D113,C
118,1,2,"Kim, Mr. Hyun",male,49.4,0,0,T572249,32.19,,S
119,0,3,"Lee, Mr. Daniel",male,15.2,0,0,T545988,13.0155,,S
120,1,2,"Kang, Mr. Daniel",male,40.9,4,0,T167722,7.48,E9,C
121,0,3,"Kang, Mr. Jiho",male,,0,3,T498566,11.5924,,S
122,1,3,"Seo, Miss. Seoyeon",female,37.6,0,1,T392993,2.5375,,S
123,0,3,"Lim, Mr. Woojin",male,29.4,0,0,T147835,24.8468,,C
124,1,1,"Shin, Mrs. Hana",female,27.5,0,0,T874052,88.3933,B6,S
125,0,3,"Ahn, Mr. Jiho",male,21.7,3,0,T438607,11.384,,Q
126,1,2,"Shin, Miss. Eunbi",female,43.1,0,0,T363922,28.2807,,S
127,0,3,"Ryu, Mr. Woojin",male,,0,0,T666830,12.6664,,S
128,1,2,"Jeon, Mr. Minsu",male,,3,0,T432233,13.2081,F35,S
129,0,1,"Lee, Mr. Hyun",male,46.7,0,0,T541969,4.1522,A37,S
130,1,3,"Ko, Miss. Sora",female,,0,0,T454486,15.561,,Q
131,0,3,"Lim, Mr. Junho",male,41.4,0,0,T946871,13.5201,,C
132,1,3,"Oh, Mr. Woojin",male,29.4,0,3,T715560,20.1401,,S
133,0,2,"Park, Mr. Hyun",male,0.5,0,2,T128736,13.7082,,S
134,0,3,"Ryu, Mr. Woojin",male,,0,2,T967650,14.0721,B37,S
135,1,3,"Kim, Mr. Woojin",male,25.1,1,2,T979183,7.1605,B125,Q
136,0,2,"Kim, Mr. Sungmin",male,24.6,0,0,T561361,7.9545,,C
137,0,3,"Choi, Mr. Minsu",male,34.4,0,1,T635886,2.2511,,Q
138,1,3,"Kang, Mr. Taeyang",male,,0,0,T225273,27.9188,,C
139,1,3,"Song, Mrs. Seoyeon",female,39.7,0,0,T537413,12.4762,,S
140,0,3,"Ko, Mr. Daniel",male,21.6,0,0,T123027,13.7284,,S
141,0,1,"Kim, Mr. Minsu",male,22.4,0,0,T990083,101.3924,,S
142,1,3,"Choi, Miss. Hana",female,17.8,4,0,T287642,1.1159,C73,S
143,0,2,"Kang, Mr. Sungmin",male,42.5,2,0,T784898,15.1279,,C
144,0,3,"Song, Mr. Minsu",male,18.7,0,2,T653356,13.3469,F18,S
145,0,3,"Han, Mr. Daniel",male,,0,0,T608139,13.2222,B122,Q
146,1,3,"Lim, Miss. Chaewon",female,29.4,0,1,T298182,5.8292,,S
147,1,1,"Kim, Mr. Hyun",male,55.8,1,3,T545007,93.8054,,S
148,0,2,"Park, Mr. Hyun",male,33.3,0,0,T906331,46.0259,,S
149,0,1,"Kim, Mr. Minsu",male,48.2,0,0,T399632,102.4573,,S
150,0,3,"Ahn, Mr. Sungmin",male,58.8,0,0,T547641,6.7212,,S
151,1,3,"Oh, Mrs. Yuna",female,29.4,3,2,T834223,7.5184,E86,C
152,1,3,"Shin, Miss. Jiwoo",female,,4,2,T980444,22.0981,F70,S
153,0,3,"Song, Mr. Minsu",male,14.5,1,0,T838450,11.1421,C101,S
154,0,3,"Ahn, Mr. Taeyang",male,10.3,0,0,T595876,25.314,A127,S
155,0,3,"Yoon, Mr. Jiho",male,36.2,1,0,T281829,24.3471,D15,S
156,1,1,"Jeon, Mrs. Chaewon",female,42.5,0,0,T637194,17.5793,,S
157,1,1,"Kang, Mrs. Yuna",female,,0,0,T619733,93.0304,A46,C
158,0,2,"Lim, Mr. Woojin",male,22.8,0,0,T529938,20.7925,,S
159,1,1,"Jeon, Miss. Sora",female,34.6,0,0,T699090,153.2866,,S
160,1,3,"Lee, Mrs. Chaewon",female,0.5,1,1,T510516,12.2769,,S
161,0,2,"Yoon, Mr. Minsu",male,32.4,0,0,T859305,21.6658,,S
162,0,2,"Ko, Mr. Jiho",male,12.9,0,0,T769070,25.9254,,S
163,0,3,"Ryu, Miss. Hana",female,,0,0,T765397,1.9955,,S
164,1,3,"Oh, Mr. Junho",male,4.3,0,0,T233098,11.9584,A17,S
165,1,1,"Seo, Miss. Chaewon",female,,0,0,T635560,104.4888,,Q
166,0,2,"Choi, Mr. Taeyang",male,39.2,0,0,T343990,35.5797,,S
167,1,3,"Kim, Mr. Minsu",male,55.7,4,0,T589753,21.2864,,S
168,0,1,"Yoon, Mr. Jiho",male,22.7,3,0,T961515,58.4691,,S
169,0,3,"Jeon, Mr. Taeyang",male,31,0,3,T365446,18.2276,,S
170,1,3,"Song, Mr. Junho",male,12,0,0,T922284,28.8826,,C
171,0,3,"Ryu, Mr. Minsu",male,,0,0,T592831,16.2428,,S
172,0,1,"Jung, Mr. Woojin",male,51.6,0,0,T972683,15.3413,,S
173,0,2,"Kim, Miss. Yuna",female,8.4,1,0,T127206,11.2103,,S
174,0,1,"Lee, Mr. Junho",male,46.4,0,0,T245770,24.4374,,S
175,1,3,"Jeon, Mrs. Minji",female,36.8,0,0,T943026,0.2432,,S
176,1,2,"Lim, Miss. Hana",female,,3,0,T385414,14.0325,,S
177,0,3,"Lim, Mr. Sungmin",male,37,0,0,T396193,13.999,,S
178,0,3,"Song, Miss. Jiwoo",female,,0,0,T927346,16.8924,C133,S
179,1,2,"Yoon, Mr. Junho",male,25.5,1,0,T813925,36.1121,,Q
180,1,1,"Shin, Mrs. Sora",female,27.6,0,0,T582296,224.0705,A14,S
181,0,3,"Lee, Mr. Jiho",male,34.7,0,0,T267491,26.9559,A0,C
182,1,3,"Jung, Mr. Jiho",male,8,0,0,T908968,0.3553,,S
183,0,1,"Kwon, Mr. Daniel",male,51.3,0,3,T354249,120.3007,F139,Q
184,0,1,"Kwon, Mr. Woojin",male,13.5,4,0,T749840,61.4893,,S
185,0,3,"Ahn, Mr. Taeyang",male,36.4,2,0,T760816,20.1308,A105,S
186,1,3,"Kwon, Miss. Minji",female,31.1,0,0,T211353,0.2567,D138,S
187,1,3,"Ko, Mrs. Chaewon",female,11.9,0,2,T313308,17.3674,D109,S
188,0,3,"Kim, Mr. Daniel",male,,2,0,T176626,17.8819,,C
189,0,3,"Lee, Mr. Jiho",male,39.7,0,0,T150751,9.837,,S
190,0,2,"Hwang, Mr. Daniel",male,10.1,0,0,T490478,35.2509,D138,S
191,0,2,"Lee, Mr. Minsu",male,21.2,0,0,T963388,23.1253,,Q
192,1,1,"Han, Mrs. Seoyeon",female,11.8,3,0,T178417,95.1007,,Q
193,0,3,"Choi, Mr. Hyun",male,12.4,1,0,T821320,9.9324,F79,S
194,0,3,"Shin, Mr. Junho",male,36.5,0,0,T528849,28.0776,E132,S
195,0,2,"Shin, Mr. Woojin",male,,0,1,T757755,3.7264,E18,S
196,0,3,"Choi, Mrs. Eunbi",female,6.8,2,3,T100359,13.441,,S
197,0,3,"Han, Mr. Minsu",male,49.4,0,2,T321598,0.7689,,S
198,0,3,"Seo, Mr. Junho",male,5.6,0,3,T535599,19.1254,B115,S
199,0,3,"Ko, Mr. Sungmin",male,48,3,0,T298299,17.2505,,Q
200,0,1,"Oh, Mr. Jiho",male,9.2,1,0,T457953,101.9801,,S
201,0,2,"Han, Mr. Junho",male,50.4,2,0,T535595,41.2517,D116,S
202,1,1,"Park, Mrs. Minji",female,35.5,0,2,T805766,129.9056,,S
203,0,3,"Lim, Mrs. Minji",female,10.2,0,3,T226705,10.9737,,S
204,0,2,"Park, Miss. Eunbi",female,,0,2,T378713,6.2673,,S
205,0,3,"Ryu, Miss. Hana",female,42.3,0,0,T946746,20.9151,,S
206,1,1,"Jeon, Miss. Hana",female,17.7,0,3,T190880,94.1817,,C
207,0,3,"Hwang, Miss. Seoyeon",female,42.5,2,0,T857289,0.1276,,Q
208,0,3,"Kang, Mr. Taeyang",male,22.6,0,0,T900873,12.4768,,S
209,1,3,"Kwon, Miss. Hana",female,32.4,0,0,T466035,24.4341,,S
210,0,2,"Seo, Mr. Junho",male,24.5,0,0,T942718,6.2815,,S
211,0,3,"Kang, Mr. Woojin",male,,0,1,T943994,22.0115,,S
212,0,3,"Han, Mr. Woojin",male,31.4,0,0,T481589,27.2562,,C
213,1,1,"Choi, Mrs. Eunbi",female,32.3,4,2,T281064,136.1403,,S
214,1,2,"Park, Miss. Jiwoo",female,36.7,0,2,T985087,23.1459,,S
215,0,3,"Seo, Mr. Woojin",male,28.2,0,0,T785162,4.6774,,S
216,0,3,"Shin, Mr. Jiho",male,,0,0,T698236,11.6126,,S
217,0,3,"Ahn, Mr. Sungmin",male,18,0,0,T881851,21.5975,,S
218,1,3,"Ahn, Miss. Hana",female,12,1,0,T814912,28.7947,,S
219,1,1,"Hong, Mrs. Seoyeon",female,54,2,0,T574852,89.4181,,S
220,0,3,"Seo, Mr. Woojin",male,40.2,2,0,T477406,28.2116,F34,S
221,1,3,"Park, Miss. Yuna",female,31.8,2,0,T416053,18.089,,C
222,0,2,"Kang, Mr. Daniel",male,33.2,0,0,T640806,22.4433,,S
223,0,3,"Kwon, Mr. Minsu",male,,0,0,T615928,0.3772,,Q
224,0,2,"Kang, Mr. Woojin",male,37.8,4,3,T149886,19.4425,,S
225,0,3,"Choi, Mr. Junho",male,28.5,0,0,T182387,7.8571,A128,S
226,0,1,"Kim, Mr. Minsu",male,43.4,0,0,T815323,44.2253,,C
227,0,3,"Lee, Mr. Jiho",male,18.8,0,2,T612276,14.3715,,Q
228,1,3,"Seo, Mrs. Hana",female,,4,0,T667834,0.41,,C
229,0,3,"Choi, Mrs. Chaewon",female,,0,3,T471534,12.0247,,C
230,1,1,"Song, Mr. Sungmin",male,20.6,3,1,T839337,110.7213,E97,Q
231,1,3,"Hwang, Mrs. Eunbi",female,53.5,0,0,T734652,4.8096,,C
232,0,2,"Jeon, Mr. Daniel",male,44.9,2,2,T967301,5.1927,,S
233,0,1,"Jeon, Mr. Taeyang",male,18.2,0,0,T697561,66.9524,,S
234,0,3,"Ryu, Mr. Daniel",male,32.3,0,0,T309050,16.7665,,C
235,0,3,"Hwang, Mr. Minsu",male,47.7,0,2,T119546,30.251,,S
236,0,3,"Park, Mr. Minsu",male,27,0,2,T839571,6.349,,S
237,0,3,"Ryu, Mr. Woojin",male,18.4,0,3,T281738,25.8403,B21,S
238,0,3,"Lim, Mr. Minsu",male,23.4,0,0,T103277,9.3285,,S
239,1,3,"Kang, Mr. Jiho",male,29.3,0,0,T939803,8.7849,D123,S
240,0,1,"Ahn, Mr. Minsu",male,19,1,0,T697933,118.087,,S
241,0,3,"Shin, Mr. Junho",male,8.9,0,1,T113394,14.5613,,C
242,0,3,"Shin, Miss. Minji",female,,0,1,T321723,2.7506,,S
243,0,3,"Ryu, Mr. Junho",male,20.8,0,0,T867510,29.1727,,S
244,1,2,"Oh, Miss. Yuna",female,49.6,2,0,T385166,34.3782,,S
245,0,3,"Lee, Mr. Hyun",male,15,0,0,T750212,12.3076,,S
246,0,3,"Hong, Mr. Junho",male,28.9,4,0,T761955,14.0835,,C
247,1,1,"Ryu, Mrs. Hana",female,29.4,0,2,T548848,139.3661,,C
248,0,2,"Seo, Mr. Junho",male,22.4,2,1,T486703,33.039,D134,S
249,0,3,"Song, Mr. Sungmin",male,,0,3,T531388,28.6965,F8,S
250,0,2,"Kang, Miss. Sora",female,31.8,0,0,T431492,7.8054,,C
251,0,3,"Seo, Mr. Sungmin",male,42.5,0,0,T758912,37.9485,,S
252,1,3,"Lim, Mrs. Sora",female,22.2,0,0,T966680,24.5039,F120,S
253,0,3,"Hwang, Mrs. Sora",female,32.1,2,3,T273243,16.9309,A64,C
254,1,3,"Song, Mrs. Hana",female,33.9,0,0,T294358,22.3526,,S
255,0,2,"Oh, Mr. Junho",male,20.1,0,1,T548564,32.3076,,S
256,0,2,"Hong, Mr. Daniel",male,0.5,0,0,T569941,29.5725,,C
257,1,3,"Yoon, Mr. Jiho",male,41.3,0,0,T115370,9.8907,,S
258,0,1,"Lee, Mrs. Eunbi",female,,0,0,T857334,110.0107,,C
259,0,3,"Jeon, Mr. Sungmin",male,33.3,0,1,T889346,26.373,,S
260,0,2,"Yoon, Mr. Woojin",male,46.3,0,0,T901251,15.4611,,S
261,1,2,"Kim, Mrs. Eunbi",female,,0,0,T426482,47.6873,C117,S
262,0,3,"Ko, Mr. Junho",male,44.1,2,2,T701799,15.6564,,S
263,0,2,"Kim, Mr. Taeyang",male,41.2,0,3,T271033,25.982,,Q
264,0,1,"Han, Mr. Taeyang",male,47.5,4,0,T170044,58.1942,,S
265,1,3,"Lim, Miss. Hana",female,,0,0,T876765,21.2556,D26,S
266,0,3,"Song, Mr. Minsu",male,17.5,0,3,T440099,24.9837,,C
267,0,3,"Song, Mrs. Minji",female,,0,0,T430650,1.4875,,S
268,0,2,"Jeon, Mr. Jiho",male,31.1,0,0,T500876,9.9744,,S
269,1,1,"Han, Mrs. Minji",female,30.1,0,0,T346243,156.6727,B29,S
270,1,3,"Kwon, Mrs. Sora",female,31.7,0,0,T613291,9.7218,E37,S
271,1,3,"Yoon, Mrs. Jiwoo",female,23.4,0,1,T756962,0.9909,,S
272,1,3,"Park, Mrs. Chaewon",female,49.4,0,0,T746424,6.1973,,S
273,0,1,"Lim, Mr. Daniel",male,26.5,4,0,T690773,54.8388,,S
274,1,3,"Jeon, Mr. Daniel",male,16.9,2,0,T766744,12.5827,,S
275,1,3,"Park, Mrs. Chaewon",female,0.9,1,3,T688259,19.1834,,S
276,1,3,"Ryu, Miss. Chaewon",female,,0,0,T574182,15.792,,S
277,1,1,"Kwon, Mr. Junho",male,43.8,0,2,T711981,187.1228,,C
278,0,3,"Hong, Mr. Minsu",male,6.6,1,0,T797363,30.486,,S
279,1,1,"Song, Miss. Sora",female,33.3,0,0,T533049,25.5868,,S
280,0,3,"Ahn, Mr. Hyun",male,30.4,0,1,T217476,17.7543,,Q
281,0,3,"Shin, Mr. Woojin",male,6.2,1,0,T280927,22.4265,,S
282,0,3,"Choi, Mr. Taeyang",male,11,0,1,T159586,14.0227,,S
283,1,3,"Lim, Mrs. Hana",female,,0,0,T977457,6.4752,,S
284,1,3,"Song, Mr. Minsu",male,28.8,3,0,T448210,39.645,,S
285,0,3,"Hwang, Mr. Minsu",male,,0,0,T796515,3.9215,F50,S
286,0,3,"Seo, Mr. Hyun",male,38.1,0,1,T875562,22.382,,S
287,1,3,"Shin, Mrs. Jiwoo",female,,1,2,T563833,11.4798,,S
288,0,3,"Jeon, Miss. Seoyeon",female,25.1,0,0,T616018,27.6481,,S
289,0,2,"Seo, Mr. Woojin",male,50.7,0,0,T611802,18.1404,B52,S
290,1,1,"Yoon, Miss. Minji",female,13,3,0,T919242,119.0786,,C
291,1,2,"Lee, Miss. Sora",female,0.5,0,0,T551745,8.7715,E4,S
292,1,2,"Kang, Mrs. Minji",female,,3,0,T611563,30.7615,,S
293,0,2,"Kang, Mr. Daniel",male,,2,0,T430136,4.286,C18,S
294,0,3,"Kang, Mr. Woojin",male,,0,0,T907610,5.5707,,Q
295,1,3,"Hwang, Miss. Hana",female,33.3,0,0,T752465,12.5435,,S
296,0,3,"Jung, Mr. Hyun",male,,0,0,T909010,8.6387,C130,S
297,0,1,"Hwang, Mr. Woojin",male,19.9,3,0,T617097,9.3497,,C
298,1,3,"Park, Mr. Taeyang",male,11.5,0,0,T361563,15.7901,E105,S
299,1,3,"Shin, Mrs. Seoyeon",female,18.7,0,0,T696705,11.1561,,S
300,0,3,"Oh, Mr. Daniel",male,42.7,3,2,T429389,15.3969,A43,C
301,0,3,"Kang, Mr. Minsu",male,31.7,0,0,T127156,4.1711,,S
302,1,3,"Kim, Miss. Hana",female,14.3,0,1,T980726,26.4292,,S
303,1,3,"Kang, Mr. Jiho",male,,0,0,T400989,17.3704,F86,S
304,0,1,"Ko, Mr. Minsu",male,,1,0,T935540,23.1845,,S
305,1,3,"Hong, Miss. Jiwoo",female,12.5,0,0,T612415,6.4987,,S
306,1,1,"Song, Miss. Yuna",female,23.3,0,0,T427046,5.5309,,S
307,0,3,"Hwang, Mr. Junho",male,27.9,0,0,T530254,12.3607,,S
308,0,1,"Hwang, Mr. Jiho",male,43.9,2,1,T832808,193.6531,,S
309,1,2,"Park, Mr. Junho",male,49.8,0,0,T509028,33.9294,E0,Q
310,1,3,"Jeon, Mr. Woojin",male,18.2,0,2,T401817,7.5502,,S
311,1,3,"Ahn, Mrs. Jiwoo",female,41.3,0,0,T116193,19.1173,,S
312,0,2,"Han, Mr. Sungmin",male,19.8,0,3,T579425,14.2368,,S
313,1,3,"Seo, Mrs. Minji",female,24.2,4,0,T946270,15.7699,,S
314,0,1,"Song, Mr. Daniel",male,15.8,0,1,T958191,38.2617,,Q
315,0,3,"Oh, Mr. Jiho",male,43.5,0,0,T378015,23.3163,,S
316,0,3,"Kwon, Mr. Minsu",male,,0,0,T677975,37.2877,,S
317,0,2,"Lee, Mr. Sungmin",male,,0,0,T466902,27.8303,,S
318,1,1,"Song, Mrs. Hana",female,22.9,0,0,T967360,105.3694,,S
319,0,3,"Jeon, Mr. Woojin",male,0.5,3,0,T969614,31.2055,,S
320,0,3,"Lim, Mr. Minsu",male,,1,0,T315939,10.5945,F133,S
321,0,2,"Kwon, Miss. Seoyeon",female,23.2,2,0,T943639,4.2507,,S
322,0,1,"Kang, Mr. Sungmin",male,31.6,0,0,T287540,50.1406,D26,S
323,1,3,"Jung, Mrs. Seoyeon",female,10.4,3,0,T308546,23.5849,,C
324,0,3,"Hwang, Mr. Daniel",male,47.1,0,0,T174141,8.8485,,S
325,0,3,"Ryu, Mr. Woojin",male,,1,0,T950797,0.1184,,S
326,1,2,"Lee, Mr. Jiho",male,,0,2,T260060,19.1132,,S
327,0,2,"Choi, Mr. Junho",male,35.2,0,0,T518931,5.3237,,S
328,0,3,"Yoon, Mr. Sungmin",male,58,0,0,T480714,10.772,,Q
329,1,3,"Hong, Mrs. Minji",female,26.4,0,0,T118248,17.5748,,S
330,0,2,"Jeon, Mr. Junho",male,31.3,0,0,T275016,39.0866,,S
331,0,3,"Ahn, Mr. Woojin",male,46,3,0,T772073,9.9808,,C
332,1,1,"Jung, Miss. Hana",female,,4,0,T881645,161.4393,,S
333,0,3,"Lee, Mr. Jiho",male,26.5,0,0,T117475,17.6188,E40,S
334,1,1,"Hong, Mr. Hyun",male,43.1,0,0,T938709,126.4814,,S
335,1,3,"Choi, Mrs. Yuna",female,27.9,0,0,T317208,18.3659,,S
336,1,1,"Jeon, Miss. Jiwoo",female,,0,2,T114700,20.8285,,S
337,1,1,"Lee, Mrs. Hana",female,33.8,2,0,T233215,135.6111,,C
338,1,3,"Seo, Mrs. Chaewon",female,34,0,0,T111125,26.5928,,S
339,0,3,"Han, Mr. Jiho",male,,2,0,T853499,13.8639,C66,S
340,1,3,"Lee, Mrs. Yuna",female,,0,0,T423819,23.7017,E64,S
341,1,2,"Ko, Miss. Seoyeon",female,,4,2,T722597,10.4114,C61,S
342,1,3,"Shin, Mrs. Yuna",female,26.3,0,0,T769286,5.2534,,S
343,0,3,"Oh, Mr. Minsu",male,51.6,3,0,T596554,9.8555,,C
344,0,1,"Yoon, Mr. Daniel",male,37.2,0,1,T922985,95.0531,F80,S
345,1,2,"Ko, Miss. Jiwoo",female,25.1,0,0,T921119,14.8771,,S
346,0,3,"Shin, Mr. Taeyang",male,48.4,0,2,T577694,33.2138,D88,S
347,0,3,"Lee, Mrs. Hana",female,50,0,0,T437334,28.9321,,S
348,0,3,"Park, Mr. Hyun",male,18.3,2,3,T323532,8.7698,,C
349,0,3,"Shin, Mr. Junho",male,,2,0,T379302,1.0041,,S
350,1,1,"Lim, Mrs. Yuna",female,29.6,0,2,T187096,97.0939,C115,S
351,1,3,"Kang, Mrs. Chaewon",female,3.4,0,0,T210067,2.4353,,S
352,1,2,"Song, Miss. Sora",female,12.8,0,0,T155361,16.44,,S
353,0,1,"Ahn, Mr. Hyun",male,,0,0,T791892,29.0233,,C
354,0,1,"Song, Mr. Junho",male,36.8,2,0,T427734,60.107,B3,S
355,0,1,"Ryu, Mr. Taeyang",male,,2,2,T472281,33.457,E40,C
356,0,3,"Shin, Mr. Minsu",male,,4,1,T693588,24.1492,,S
357,0,2,"Oh, Mrs. Seoyeon",female,34.1,3,0,T237662,40.9875,,Q
358,0,2,"Jung, Mr. Woojin",male,31,0,3,T351567,24.6622,,S
359,0,1,"Oh, Mr. Woojin",male,24.8,3,0,T227802,119.6014,,C
360,0,3,"Han, Mr. Jiho",male,31.1,2,0,T645626,6.3871,,C
361,0,3,"Seo, Mr. Woojin",male,,0,1,T285830,31.8509,,C
362,1,3,"Jung, Mrs. Seoyeon",female,34.8,3,3,T175383,5.3795,,S
363,1,1,"Seo, Mrs. Minji",female,20.5,0,0,T510492,69.3075,,S
364,1,3,"Ryu, Miss. Hana",female,27.5,0,0,T207512,4.1825,,S
365,0,1,"Hong, Miss. Chaewon",female,,3,0,T343277,73.937,C33,S
366,1,3,"Han, Mr. Minsu",male,38,0,0,T850428,8.9018,D58,S
367,1,1,"Kim, Miss. Yuna",female,23,4,1,T467526,86.7325,,C
368,0,3,"Oh, Mr. Junho",male,4.3,0,0,T400231,0.6755,F107,S
369,1,2,"Lim, Mrs. Sora",female,40.3,1,0,T942682,20.659,A24,C
370,0,3,"Yoon, Mr. Woojin",male,36.4,1,0,T748886,7.3499,F129,Q
371,0,3,"Han, Mr. Daniel",male,,0,0,T312986,16.2112,,Q
372,0,3,"Ahn, Mr. Minsu",male,,3,0,T317815,4.0684,,S
373,0,3,"Kang, Mr. Sungmin",male,27.7,1,0,T117501,26.6084,,S
374,0,1,"Ryu, Miss. Seoyeon",female,37.3,3,1,T116244,93.5714,,Q
375,0,3,"Ko, Mr. Woojin",male,34.3,1,0,T294566,7.3804,,S
376,0,1,"Lee, Mrs. Sora",female,32.7,0,0,T374258,23.0725,,S
377,1,3,"Hong, Mr. Junho",male,33.6,3,0,T460726,1.4718,,C
378,0,3,"Hong, Mr. Sungmin",male,51.1,0,0,T693817,22.7108,,S
379,0,1,"Song, Mr. Taeyang",male,34.2,0,1,T575553,72.2268,E82,S
380,0,3,"Jeon, Mr. Hyun",male,40.9,0,1,T899664,7.8484,,S
381,0,1,"Choi, Mr. Jiho",male,40.3,0,2,T809564,50.6958,,S
382,0,3,"Seo, Mr. Minsu",male,,4,0,T560328,16.9751,,S
383,0,2,"Lim, Mr. Hyun",male,,0,3,T532259,17.8619,,S
384,1,1,"Ko, Mr. Minsu",male,26.1,0,0,T729238,225.2786,,C
385,0,3,"Lee, Mr. Hyun",male,17.7,0,0,T361118,25.3454,,S
386,0,2,"Lee, Mr. Minsu",male,41.9,0,0,T912398,37.3258,F65,S
387,0,1,"Han, Mr. Hyun",male,36.5,0,0,T491363,47.4176,,S
388,0,3,"Ko, Mr. Hyun",male,29.4,0,0,T946856,10.4834,,S
389,0,1,"Hong, Mr. Daniel",male,29.5,0,0,T349059,32.9237,,S
390,0,3,"Park, Mr. Sungmin",male,29.1,0,2,T120116,4.7054,,C
391,1,1,"Kim, Mr. Daniel",male,20.6,0,0,T240012,81.4421,E44,C
392,0,3,"Yoon, Mr. Taeyang",male,39.6,0,0,T492629,9.7807,,S
393,0,3,"Oh, Mr. Sungmin",male,32.4,4,0,T545684,27.1341,,S
394,0,2,"Park, Mr. Taeyang",male,20.5,0,0,T533461,10.7675,,S
395,1,3,"Yoon, Miss. Minji",female,69.4,0,0,T259625,12.328,,S
396,0,1,"Hwang, Mr. Minsu",male,,0,3,T273676,235.6297,,C
397,0,3,"Lim, Miss. Minji",female,25.8,0,0,T799957,10.3448,E48,Q
398,0,3,"Kwon, Mr. Hyun",male,7.9,0,0,T907161,11.5809,,S
399,1,3,"Han, Mrs. Chaewon",female,18.3,1,0,T625017,18.4258,,S
400,0,3,"Kwon, Mr. Jiho",male,15.7,0,2,T355680,6.6011,,S
401,1,2,"Jeon, Mrs. Sora",female,35.3,2,0,T867693,1.8862,,S
402,0,2,"Hong, Mr. Sungmin",male,11.1,4,2,T678454,17.3586,,S
403,1,3,"Choi, Mr. Daniel",male,16,0,0,T347148,8.004,,S
404,1,3,"Hong, Mr. Woojin",male,,0,1,T739532,15.1615,,S
405,1,3,"Ko, Mr. Taeyang",male,35.1,0,0,T183201,28.511,,C
406,0,1,"Yoon, Miss. Chaewon",female,57.7,0,0,T226026,70.8289,,S
407,0,3,"Ko, Mr. Jiho",male,37.9,0,0,T862096,17.5013,,Q
408,1,3,"Lee, Mrs. Eunbi",female,30,0,0,T519466,19.7964,F74,S
409,0,1,"Ko, Mr. Woojin",male,23.8,4,0,T522009,141.8199,,S
410,0,1,"Hwang, Mr. Junho",male,,0,0,T281627,38.4075,,S
411,0,2,"Oh, Mr. Junho",male,47.7,0,0,T702191,34.2533,,S
412,0,3,"Jeon, Mr. Minsu",male,21.3,0,0,T893799,2.4264,E53,C
413,1,3,"Kang, Mr. Jiho",male,28.6,3,0,T811221,11.2989,,C
414,0,3,"Kim, Mr. Junho",male,36.4,0,0,T552390,15.5192,B122,Q
415,0,2,"Song, Mr. Daniel",male,43.3,3,0,T393051,8.0396,,S
416,1,2,"Shin, Mrs. Eunbi",female,18.1,0,0,T111020,50.4223,,S
417,0,2,"Ahn, Mr. Jiho",male,7.8,4,3,T726538,30.9199,,Q
418,1,2,"Park, Mrs. Sora",female,57.1,0,2,T493823,29.2737,,S
419,1,1,"Shin, Mr. Minsu",male,31.4,0,0,T545551,24.0339,,S
420,0,2,"Kang, Mr. Hyun",male,10.5,0,2,T155368,23.508,,S
421,1,3,"Shin, Mrs. Jiwoo",female,33.1,0,3,T240697,11.0363,,S
422,0,3,"Ahn, Mr. Hyun",male,37.4,1,0,T703924,6.327,A90,S
423,1,1,"Kang, Miss. Yuna",female,5.4,0,0,T380344,45.2945,,S
424,1,3,"Ryu, Mrs. Seoyeon",female,52.2,0,0,T736156,4.8766,,S
425,0,3,"Shin, Mr. Junho",male,33.6,4,0,T393185,9.2131,,S
426,1,2,"Han, Mr. Junho",male,24.1,2,0,T980260,27.982,,S
427,0,2,"Song, Mr. Jiho",male,34.6,0,0,T703719,18.0331,,S
428,1,1,"Hong, Miss. Yuna",female,11.4,0,0,T778800,66.3978,,S
429,1,3,"Ko, Miss. Seoyeon",female,34.7,0,0,T362385,23.6372,,C
430,1,3,"Jung, Mr. Junho",male,47.9,0,0,T451390,6.807,,S
431,1,3,"Hwang, Mrs. Eunbi",female,24.5,0,0,T620229,17.2963,,S
432,1,3,"Ahn, Mrs. Seoyeon",female,37.4,1,3,T189085,8.8721,,Q
433,1,2,"Jung, Mr. Junho",male,30.3,0,0,T188203,6.3698,,Q
434,0,3,"Shin, Mr. Junho",male,1.2,0,0,T781416,32.9377,F84,S
435,1,3,"Seo, Mr. Jiho",male,48.5,0,0,T614633,17.0333,,S
436,1,2,"Oh, Miss. Minji",female,,0,0,T736865,45.1559,,S
437,1,3,"Jung, Mrs. Hana",female,5,0,0,T820594,14.6328,,C
438,0,3,"Kwon, Mrs. Yuna",female,,0,3,T216838,3.7977,,C
439,1,3,"Kim, Miss. Chaewon",female,35.7,0,1,T990546,6.482,,S
440,0,3,"Jeon, Mr. Junho",male,,2,0,T477376,17.0088,,C
441,0,3,"Hwang, Mr. Woojin",male,17.8,3,1,T356333,10.2754,,Q
442,1,3,"Jeon, Mr. Woojin",male,43.1,0,1,T293428,19.9791,,S
443,1,3,"Lee, Mrs. Eunbi",female,21.6,0,3,T744944,12.3132,B72,C
444,0,3,"Seo, Mr. Daniel",male,15.3,1,1,T736381,16.3161,,C
445,1,3,"Lee, Mr. Junho",male,,0,0,T403829,6.8441,,Q
446,1,1,"Lee, Miss. Minji",female,20.7,2,0,T973634,110.3696,,S
447,0,1,"Kwon, Mr. Jiho",male,33.2,0,1,T607962,6.8849,,Q
448,0,2,"Ko, Mr. Hyun",male,25.3,0,0,T541828,22.6614,B98,Q
449,0,1,"Jeon, Mrs. Minji",female,27.3,0,0,T157737,10.0129,,S
450,0,2,"Jung, Mr. Jiho",male,57.1,1,3,T688037,22.9337,,S
451,0,1,"Han, Mr. Taeyang",male,27.3,0,3,T101170,18.7159,,S
452,1,1,"Jeon, Mrs. Eunbi",female,46.8,0,0,T389190,116.3055,C86,C
453,1,2,"Choi, Mrs. Jiwoo",female,,0,0,T907380,16.3776,C56,C
454,0,3,"Jeon, Mr. Minsu",male,7.7,3,0,T266815,14.2968,,S
455,0,3,"Ahn, Mr. Minsu",male,38.7,3,0,T132884,17.9822,,S
456,0,2,"Park, Mrs. Chaewon",female,36.4,2,0,T835080,3.9708,,S
457,0,1,"Jung, Mr. Hyun",male,23.6,1,0,T103002,46.6242,F23,S
458,0,3,"Lim, Mrs. Yuna",female,,4,0,T552472,9.2512,,S
459,1,2,"Shin, Miss. Yuna",female,33,3,2,T549860,18.1692,,S
460,1,1,"Song, Mr. Taeyang",male,27.8,0,0,T189266,16.5508,,S
461,1,3,"Kim, Mr. Sungmin",male,26.8,0,2,T136887,17.0211,,C
462,0,3,"Choi, Mr. Hyun",male,33.4,3,0,T865756,18.1492,,S
463,0,2,"Hong, Mr. Woojin",male,,0,0,T337673,35.4921,,S
464,1,3,"Kang, Miss. Hana",female,49.6,0,0,T955336,18.5221,F49,C
465,0,3,"Shin, Mr. Minsu",male,,0,0,T797094,14.3357,,S
466,0,3,"Ryu, Mr. Jiho",male,15.5,0,0,T918855,13.4834,,C
467,0,3,"Ryu, Mrs. Minji",female,38.3,0,0,T702758,24.6019,,S
468,1,3,"Yoon, Miss. Hana",female,,0,3,T979003,8.6553,,Q
469,0,3,"Han, Mr. Jiho",male,,0,2,T276428,18.912,,S
470,0,1,"Shin, Mr. Junho",male,50.6,0,1,T666483,128.2832,D59,S
471,1,3,"Ko, Mr. Daniel",male,,4,0,T920551,15.6554,B122,C
472,0,2,"Kim, Miss. Minji",female,37.1,0,0,T669524,14.849,,S
473,0,1,"Jung, Mr. Woojin",male,51.3,0,0,T383325,131.7644,,S
474,0,3,"Ahn, Mr. Woojin",male,48.5,0,0,T705227,20.591,,S
475,1,3,"Lee, Mr. Daniel",male,,2,3,T852969,21.5608,,S
476,0,3,"Song, Mr. Junho",male,39.7,2,0,T375973,23.2719,,S
477,1,3,"Choi, Mrs. Sora",female,8,0,0,T164743,22.8339,,C
478,0,3,"Shin, Mr. Minsu",male,31.8,0,0,T886700,0.5244,,S
479,0,1,"Lee, Mr. Sungmin",male,50.9,3,3,T120628,227.9654,,Q
480,1,1,"Ko, Mr. Taeyang",male,,1,0,T869390,7.4553,,Q
481,1,3,"Kim, Miss. Seoyeon",female,,0,1,T391616,16.3104,,C
482,0,3,"Oh, Mr. Sungmin",male,29.3,0,0,T169872,10.1527,C134,S
483,0,3,"Shin, Mr. Taeyang",male,24.6,0,0,T136241,2.9903,,S
484,0,3,"Jung, Mr. Woojin",male,30.5,0,0,T951780,9.4022,,C
485,1,3,"Hong, Miss. Hana",female,19.1,0,0,T747825,30.6232,,Q
486,1,3,"Kang, Mr. Taeyang",male,17.6,0,0,T381372,22.2586,,S
487,1,1,"Han, Miss. Chaewon",female,22.7,2,2,T340508,103.6934,E88,Q
488,0,3,"Hwang, Mr. Jiho",male,39.9,0,0,T552573,9.6485,,S
489,0,3,"Ryu, Mr. Minsu",male,32.4,0,1,T445212,11.8748,,S
490,0,1,"Yoon, Mr. Woojin",male,25,4,0,T385476,13.4066,,S
491,0,3,"Ko, Mr. Daniel",male,34.1,3,3,T710467,0.3866,,S
492,0,3,"Ko, Mr. Taeyang",male,36.6,0,0,T688617,29.5388,D76,S
493,1,3,"Ko, Mr. Minsu",male,39.3,0,0,T902531,11.1656,B116,S
494,1,2,"Yoon, Miss. Chaewon",female,24.8,0,0,T738199,8.695,,S
495,1,2,"Seo, Miss. Chaewon",female,38.6,1,0,T213219,22.2348,,S
496,1,1,"Lim, Miss. Sora",female,26.2,0,0,T198665,66.5063,,S
497,0,2,"Choi, Mr. Daniel",male,14.6,0,0,T157449,41.3706,,S
498,0,3,"Oh, Mr. Hyun",male,20.8,0,2,T435288,12.1881,,S
499,0,1,"Park, Miss. Minji",female,43.3,0,0,T399793,9.6826,,S
500,0,3,"Kang, Mr. Junho",male,24.2,0,0,T700712,15.1323,,S
501,0,3,"Shin, Mr. Jiho",male,39.2,0,3,T524153,3.6339,A41,S
502,0,3,"Ahn, Mr. Woojin",male,,0,0,T647895,11.91,,S
503,1,2,"Hong, Mrs. Eunbi",female,36.8,4,0,T982034,6.328,B13,S
504,0,3,"Ahn, Mr. Daniel",male,,0,0,T295723,19.2078,,Q
505,1,2,"Hong, Mr. Junho",male,36.9,0,0,T749002,42.5252,,S
506,1,2,"Lee, Mrs. Chaewon",female,21.9,0,2,T114027,23.5801,A52,C
507,0,3,"Kwon, Mr. Minsu",male,27.6,0,0,T651817,18.4932,A0,C
508,0,2,"Jung, Mr. Hyun",male,40.1,0,0,T352698,10.2551,,S
509,1,1,"Seo, Miss. Sora",female,40.6,0,3,T751609,101.6742,,Q
510,0,3,"Shin, Mrs. Minji",female,36.6,0,0,T382885,32.1386,,Q
511,0,3,"Ahn, Mr. Woojin",male,18.3,1,0,T324898,9.8792,,S
512,0,2,"Han, Mr. Minsu",male,14.7,3,0,T109605,38.0143,,C
513,1,2,"Han, Mrs. Yuna",female,,0,0,T566087,30.1197,,S
514,0,3,"Lee, Mr. Daniel",male,,0,3,T229427,20.8224,,S
515,1,1,"Hong, Miss. Sora",female,,0,0,T204802,14.3591,,C
516,1,3,"Lim, Mr. Woojin",male,,2,0,T423572,13.6935,,S
517,0,1,"Ahn, Mr. Woojin",male,24,0,2,T107957,51.1247,,C
518,0,3,"Shin, Mr. Hyun",male,19.2,0,0,T213973,19.3728,,S
519,1,3,"Kim, Miss. Hana",female,44.1,4,0,T933397,22.6294,,S
520,1,2,"Shin, Mrs. Jiwoo",female,42.9,2,0,T503416,0.3593,,S
521,0,3,"Ryu, Mr. Junho",male,42.6,0,0,T599415,18.003,,S
522,1,3,"Ryu, Mrs. Minji",female,26.9,0,0,T549507,10.8052,,S
523,0,3,"Shin, Mrs. Yuna",female,54.7,0,2,T274116,9.1355,D67,Q
524,0,3,"Hwang, Mr. Daniel",male,25.6,2,0,T447345,15.5569,,S
525,0,3,"Shin, Mr. Hyun",male,50,0,2,T221178,21.3677,C64,S
526,0,1,"Oh, Mr. Hyun",male,,0,1,T607307,103.2215,,S
527,1,3,"Jung, Miss. Seoyeon",female,31.7,0,0,T795868,11.3824,,S
528,0,2,"Song, Mr. Minsu",male,42.4,0,0,T736245,27.6502,,S
529,1,3,"Lee, Miss. Jiwoo",female,33.8,1,0,T195094,22.4835,E136,S
530,1,3,"Ko, Miss. Jiwoo",female,12.3,0,2,T563634,11.1143,,Q
531,0,3,"Jeon, Mr. Woojin",male,32.7,0,0,T133306,17.1793,,S
532,1,3,"Lee, Mrs. Eunbi",female,39.1,4,1,T427797,10.8837,,Q
533,1,3,"Ahn, Mrs. Hana",female,16.3,0,0,T499241,1.4066,,S
534,0,3,"Hwang, Mr. Sungmin",male,44.6,2,0,T350496,5.8962,,S
535,1,1,"Han, Mrs. Sora",female,27.3,0,0,T929145,103.3716,,C
536,1,3,"Yoon, Mrs. Seoyeon",female,33.3,0,0,T561395,9.4042,,S
537,0,1,"Park, Mr. Daniel",male,26.4,4,0,T847622,129.1097,,S
538,0,3,"Shin, Miss. Eunbi",female,36.2,0,0,T341677,12.0234,,C
539,1,2,"Lee, Mr. Minsu",male,,4,0,T738252,7.9165,B133,S
540,1,1,"Han, Miss. Chaewon",female,22,4,3,T748277,150.767,,C
541,0,1,"Hwang, Mrs. Minji",female,24.3,4,0,T573954,59.7163,E95,S
542,0,3,"Park, Mr. Jiho",male,11.3,1,0,T519453,16.8183,D125,C
543,1,3,"Lim, Mrs. Jiwoo",female,26,0,1,T633714,34.5644,,S
544,1,1,"Kim, Miss. Yuna",female,35.5,0,0,T199432,61.5389,,S
545,0,3,"Hwang, Mr. Hyun",male,32.3,0,0,T111396,26.4424,,S
546,0,3,"Jeon, Mr. Hyun",male,14.7,0,3,T211879,33.3379,,C
547,1,3,"Shin, Mrs. Minji",female,43.3,0,0,T652440,17.2374,,S
548,0,1,"Shin, Mr. Sungmin",male,27.4,0,0,T708023,72.935,,S
549,1,3,"Kang, Mrs. Jiwoo",female,0.5,0,0,T858596,36.5541,E123,C
550,0,3,"Han, Mr. Daniel",male,44.7,0,2,T621543,2.065,,Q
551,1,1,"Kang, Mr. Minsu",male,23,4,0,T511475,98.1505,,S
552,0,3,"Ahn, Mr. Daniel",male,44,0,0,T331371,6.7623,C117,S
553,1,2,"Ahn, Mr. Junho",male,14.1,0,3,T161968,13.4973,D31,S
554,0,3,"Lim, Mr. Jiho",male,0.5,0,0,T186051,5.6741,,S
555,0,1,"Han, Mrs. Minji",female,21.9,0,0,T331852,15.6683,,S
556,1,3,"Ahn, Miss. Minji",female,16.7,0,0,T317792,7.3999,,S
557,0,1,"Lim, Mr. Daniel",male,2.4,0,2,T872641,86.7579,,S
558,1,2,"Jeon, Miss. Eunbi",female,,0,0,T254189,43.6603,E61,C
559,1,1,"Jung, Miss. Seoyeon",female,15.5,0,0,T971125,158.332,F71,S
560,0,1,"Song, Mr. Sungmin",male,,0,0,T632717,116.8978,,C
561,0,1,"Park, Miss. Yuna",female,,2,1,T678795,179.4367,,C
562,1,3,"Song, Miss. Eunbi",female,40.1,4,0,T662968,13.9216,,S
563,0,2,"Ahn, Mr. Minsu",male,23.7,2,0,T247788,2.7789,,Q
564,1,3,"Kwon, Mrs. Minji",female,28.9,0,0,T460383,20.0538,,S
565,1,2,"Ryu, Mr. Sungmin",male,,0,0,T509799,25.2522,,S
566,1,3,"Ryu, Mr. Daniel",male,55.8,2,0,T449196,3.6772,,S
567,0,2,"Ahn, Mrs. Eunbi",female,17.2,1,0,T437277,20.313,B77,C
568,1,1,"Ryu, Miss. Seoyeon",female,38.7,0,0,T222266,150.9692,,S
569,0,2,"Lee, Mr. Jiho",male,24.7,2,3,T229410,28.4142,,S
570,0,1,"Jeon, Mr. Sungmin",male,,3,0,T528629,175.348,,S
571,1,1,"Song, Miss. Seoyeon",female,48.1,3,1,T319067,75.5093,,Q
572,0,3,"Lim, Mr. Sungmin",male,4.7,0,0,T967914,2.5424,,S
573,0,3,"Kim, Mrs. Sora",female,16.6,0,0,T534690,18.5958,,S
574,0,3,"Jung, Mr. Woojin",male,18.6,0,0,T604620,16.2217,F106,C
575,0,3,"Ko, Mr. Hyun",male,9.7,0,0,T270882,0.0088,,S
576,0,3,"Kim, Mr. Woojin",male,53.2,0,0,T381307,4.1977,B8,S
577,0,3,"Hwang, Mr. Jiho",male,38.9,0,0,T816361,19.424,E81,Q
578,1,3,"Shin, Miss. Jiwoo",female,32.7,0,0,T519859,6.2256,,S
579,0,3,"Seo, Mr. Hyun",male,23.3,0,0,T201503,29.3562,,S
580,0,1,"Song, Mr. Hyun",male,22.8,0,0,T656222,136.8194,,S
581,1,3,"Kang, Miss. Hana",female,,0,0,T213693,33.5035,,S
582,0,3,"Seo, Miss. Hana",female,21.2,0,0,T343199,14.6767,C78,C
583,0,1,"Park, Mr. Minsu",male,,0,0,T620815,146.4202,,S
584,0,3,"Hong, Mr. Junho",male,30,0,0,T656339,5.9935,C10,S
585,1,2,"Oh, Miss. Seoyeon",female,19.5,0,0,T776145,20.2853,,S
586,1,2,"Han, Mr. Hyun",male,15,0,2,T335674,12.9051,,S
587,0,2,"Han, Mr. Daniel",male,,0,0,T147700,11.1985,,S
588,0,1,"Kang, Mrs. Jiwoo",female,18.2,0,0,T520719,180.4392,,S
589,1,2,"Park, Mr. Sungmin",male,26.6,0,0,T755618,27.5173,,Q
590,0,3,"Ahn, Mr. Hyun",male,,0,0,T482543,15.7808,F21,S
591,0,2,"Shin, Mr. Minsu",male,,0,1,T655815,10.0474,,S
592,1,3,"Ahn, Miss. Chaewon",female,16.2,1,0,T543872,15.2628,,C
593,1,3,"Jeon, Miss. Sora",female,22,0,0,T380305,21.1685,,S
594,0,1,"Lee, Mr. Junho",male,27.3,0,0,T866412,110.3374,,S
595,0,2,"Park, Mr. Junho",male,,0,2,T293371,31.2067,,S
596,0,3,"Song, Mr. Hyun",male,,0,0,T961117,23.3909,,S
597,0,3,"Kang, Mr. Jiho",male,42.8,0,0,T607493,19.0638,,C
598,0,2,"Kwon, Mr. Junho",male,23.5,0,2,T103434,30.7462,A41,C
599,0,1,"Jeon, Mr. Daniel",male,26.7,0,0,T372651,166.4046,F5,C
600,0,1,"Han, Mr. Junho",male,52.3,0,0,T803844,201.4382,,C
601,1,3,"Han, Miss. Minji",female,,0,0,T925900,14.1449,,S
602,1,3,"Ko, Miss. Hana",female,34.3,0,2,T634517,24.2024,C64,S
603,1,2,"Han, Miss. Hana",female,70.5,0,0,T690507,43.5391,,S
604,0,3,"Lim, Mr. Taeyang",male,20.3,1,0,T586580,12.2208,,C
605,0,2,"Hwang, Mrs. Sora",female,45.9,1,0,T567112,14.9209,,S
606,0,3,"Shin, Mr. Woojin",male,19.7,0,0,T446163,24.9803,,S
607,0,2,"Oh, Mr. Minsu",male,28,2,0,T808893,28.7008,,C
608,1,2,"Oh, Miss. Yuna",female,,0,1,T610076,22.0181,E1,S
609,0,3,"Oh, Mr. Sungmin",male,29.2,3,0,T985831,11.2081,F126,S
610,1,3,"Ryu, Miss. Chaewon",female,22.6,0,3,T945194,32.9275,B71,S
611,1,3,"Kang, Mrs. Chaewon",female,25,0,0,T309103,13.5076,,C
612,1,2,"Oh, Mrs. Eunbi",female,51.2,0,0,T107040,19.4878,D113,S
613,0,1,"Seo, Mr. Minsu",male,16.5,0,1,T566955,44.8278,,S
614,0,3,"Song, Mr. Minsu",male,44.5,1,1,T330694,28.0005,A0,S
615,1,1,"Seo, Mrs. Yuna",female,17.6,2,0,T359312,169.5516,B30,S
616,1,1,"Oh, Miss. Seoyeon",female,35.4,0,3,T212191,1.3397,,Q
617,1,2,"Yoon, Mr. Hyun",male,,2,0,T267894,23.8536,,S
618,1,1,"Shin, Mr. Jiho",male,,0,3,T849693,146.0761,,Q
619,0,1,"Seo, Mr. Taeyang",male,,0,0,T664341,202.9652,,Q
620,0,2,"Song, Mr. Hyun",male,,0,0,T359616,15.8285,,S
621,0,2,"Hwang, Mr. Jiho",male,,3,0,T332451,25.1455,,C
622,0,1,"Choi, Mrs. Chaewon",female,0.5,4,1,T798109,15.461,,S
623,1,3,"Kim, Miss. Jiwoo",female,28.8,0,0,T828339,46.9774,,S
624,1,1,"Park, Mr. Jiho",male,37.5,0,0,T247320,19.8897,,C
625,0,3,"Kwon, Mr. Minsu",male,17.7,1,3,T317579,21.727,,S
626,0,2,"Park, Miss. Eunbi",female,42,0,0,T758585,32.4271,,S
627,1,3,"Kang, Mr. Junho",male,,3,0,T174219,22.8333,,S
628,0,3,"Park, Mr. Hyun",male,,0,0,T417960,11.514,,C
629,0,3,"Ahn, Mr. Minsu",male,27.3,0,0,T188540,2.71,,S
630,0,1,"Lim, Mr. Jiho",male,37.9,0,2,T621925,2.9261,D101,S
631,1,3,"Yoon, Mrs. Seoyeon",female,23.1,2,0,T964262,35.7788,,C
632,1,3,"Ryu, Mrs. Sora",female,39.3,2,0,T672508,17.956,,S
633,1,3,"Yoon, Mr. Sungmin",male,,0,0,T640214,20.9033,D129,S
634,1,1,"Hong, Miss. Jiwoo",female,43.3,3,0,T810678,93.0265,A136,S
635,0,3,"Song, Mrs. Sora",female,35.6,0,0,T528534,3.0398,,S
636,1,2,"Song, Mrs. Yuna",female,35.6,4,0,T665472,12.5304,,S
637,0,1,"Kim, Mr. Junho",male,22.8,0,0,T250684,110.3465,E89,S
638,0,2,"Jeon, Mr. Woojin",male,,4,0,T386534,10.9242,,S
639,0,3,"Hwang, Mr. Taeyang",male,,2,0,T974196,24.0573,B52,S
640,1,3,"Jung, Mr. Sungmin",male,41.9,1,0,T257555,5.0173,,C
641,0,3,"Hwang, Miss. Eunbi",female,53.8,0,0,T260702,11.3437,,S
642,0,3,"Oh, Mr. Junho",male,18.7,0,3,T969534,18.2531,B138,S
643,1,3,"Ahn, Miss. Yuna",female,11.6,0,0,T404377,23.1959,,S
644,1,1,"Choi, Miss. Yuna",female,33,0,3,T577652,87.3697,E61,Q
645,0,3,"Han, Mr. Junho",male,17.8,0,0,T351077,21.828,C17,C
646,0,3,"Kim, Mr. Sungmin",male,34.9,0,0,T674276,20.4767,,S
647,0,3,"Choi, Mr. Minsu",male,,0,0,T224094,29.5702,F139,Q
648,0,3,"Yoon, Mr. Daniel",male,19.5,0,3,T526220,16.2921,,S
649,1,3,"Choi, Mrs. Seoyeon",female,,4,0,T874895,15.6938,,Q
650,0,2,"Yoon, Mr. Sungmin",male,39.8,0,0,T187606,11.7103,,S
651,0,3,"Park, Miss. Seoyeon",female,49.3,0,0,T207503,11.1757,,C
652,0,2,"Lee, Mr. Junho",male,36.7,2,0,T579907,10.8515,,C
653,0,3,"Yoon, Mr. Hyun",male,19.6,4,0,T343465,24.9437,,S
654,0,3,"Lim, Mr. Daniel",male,34.1,0,0,T317639,33.29,E75,S
655,0,2,"Song, Mr. Junho",male,26.6,0,0,T818641,20.4041,,C
656,0,2,"Han, Miss. Yuna",female,40.6,0,0,T653248,31.6781,,S
657,1,2,"Kim, Miss. Hana",female,15.6,4,0,T659376,2.0456,,S
658,0,3,"Shin, Mr. Jiho",male,21.2,0,1,T564684,30.036,,C
659,0,1,"Seo, Mr. Jiho",male,,4,0,T596104,0.036,,S
660,0,2,"Hwang, Mr. Minsu",male,44.7,0,2,T850335,26.4868,,S
661,0,3,"Kim, Mr. Woojin",male,15.8,0,0,T500142,3.5783,,S
662,0,1,"Choi, Mr. Taeyang",male,22.1,0,3,T226931,57.3331,,S
663,0,3,"Lim, Mr. Jiho",male,43.4,2,0,T490600,4.1691,,S
664,0,3,"Choi, Mrs. Jiwoo",female,29.8,0,0,T653931,0.0775,,S
665,0,2,"Lee, Mr. Jiho",male,,1,0,T249328,8.22,,S
666,1,3,"Han, Miss. Sora",female,43.3,0,0,T948499,4.3929,A112,S
667,0,3,"Kim, Mr. Junho",male,,3,0,T282540,4.7118,,S
668,0,3,"Song, Mr. Jiho",male,7.6,0,0,T624287,35.7306,,S
669,0,3,"Ko, Mr. Taeyang",male,38.9,0,0,T143014,2.2701,,C
670,0,1,"Hwang, Mr. Minsu",male,,0,0,T287269,83.8718,,S
671,1,1,"Ko, Mr. Jiho",male,21.4,4,0,T647781,147.5168,E2,S
672,0,3,"Lim, Mr. Taeyang",male,44.8,2,0,T258156,2.1989,B74,S
673,1,3,"Park, Miss. Chaewon",female,,0,0,T334390,13.5456,,S
674,0,2,"Song, Mr. Sungmin",male,41.8,2,0,T743285,17.7197,D118,S
675,1,3,"Hong, Mr. Jiho",male,28.5,2,1,T461137,28.9157,,S
676,0,2,"Song, Mr. Woojin",male,18.8,3,2,T772807,3.6246,,C
677,1,3,"Oh, Mrs. Minji",female,,3,0,T369023,12.654,,S
678,1,3,"Oh, Mr. Taeyang",male,15.6,1,0,T169613,23.1407,,S
679,1,1,"Choi, Mrs. Jiwoo",female,,0,0,T478323,22.6078,,S
680,0,2,"Oh, Mr. Woojin",male,42.8,0,0,T367423,39.1883,,S
681,1,3,"Lim, Mrs. Seoyeon",female,35.8,0,0,T560641,28.2927,,S
682,0,3,"Ryu, Mrs. Seoyeon",female,,0,0,T820464,5.7866,A29,S
683,0,3,"Ko, Mr. Sungmin",male,52.2,0,0,T978182,0.2982,,Q
684,1,3,"Kim, Miss. Yuna",female,39,0,0,T678971,22.642,,S
685,1,2,"Hong, Mr. Woojin",male,33.6,0,3,T339609,51.6904,,S
686,0,3,"Ryu, Mrs. Eunbi",female,29.7,0,0,T860384,29.229,,S
687,1,2,"Han, Mr. Jiho",male,44.9,0,0,T224975,34.5697,,S
688,0,2,"Hwang, Mrs. Yuna",female,,3,0,T753593,7.3033,,S
689,1,2,"Shin, Mr. Taeyang",male,48.4,0,3,T879652,3.3432,,S
690,1,3,"Shin, Mrs. Minji",female,42.9,4,1,T140342,4.4755,,C
691,0,3,"Lim, Mr. Daniel",male,36.4,0,3,T925588,0.4591,,S
692,0,2,"Lim, Mr. Jiho",male,29.9,2,0,T448735,0.1733,,C
693,0,3,"Hwang, Mr. Jiho",male,26.5,1,0,T136389,16.1102,,S
694,0,1,"Lim, Mrs. Hana",female,45.7,4,0,T538438,62.9994,,S
695,0,3,"Ryu, Mr. Junho",male,47.8,0,3,T180567,5.0633,,S
696,0,3,"Seo, Mr. Taeyang",male,,0,0,T126085,24.4272,,S
697,1,3,"Oh, Mr. Sungmin",male,0.5,0,0,T313565,17.8109,,C
698,1,2,"Hong, Mr. Woojin",male,24.1,3,0,T665543,6.0472,,S
699,0,1,"Kim, Mr. Sungmin",male,33.8,3,0,T263965,145.5177,,S
700,0,3,"Seo, Miss. Minji",female,21.7,1,0,T369833,1.7318,,S
701,0,3,"Kang, Mr. Taeyang",male,31.1,3,0,T654212,8.7323,,S
702,1,3,"Seo, Miss. Eunbi",female,36.2,0,0,T617405,3.7799,,S
703,0,3,"Ko, Mr. Taeyang",male,38.3,3,0,T579663,28.2485,,S
704,1,3,"Shin, Mrs. Hana",female,37,0,0,T943446,15.2902,,C
705,1,3,"Kwon, Miss. Jiwoo",female,23.4,0,0,T692075,34.9969,,S
706,0,3,"Choi, Mr. Minsu",male,25.2,4,0,T295799,11.8477,,S
707,1,3,"Seo, Mrs. Chaewon",female,23.5,0,0,T246228,13.4743,,S
708,1,1,"Seo, Mr. Woojin",male,,0,0,T368863,40.4297,E70,S
709,0,1,"Han, Mr. Daniel",male,7.3,1,0,T247257,3.6911,,S
710,0,3,"Song, Mr. Taeyang",male,,0,0,T264785,16.9462,C39,C
711,0,1,"Song, Mr. Junho",male,42.8,0,0,T634160,117.5068,,C
712,0,3,"Lee, Mr. Woojin",male,,0,0,T962943,11.9244,,S
713,1,1,"Lee, Miss. Seoyeon",female,34.7,0,0,T100277,77.5993,B62,S
714,1,3,"Shin, Miss. Chaewon",female,21.9,0,0,T455148,21.9499,,C
715,0,3,"Park, Mr. Daniel",male,35.4,0,0,T829983,6.6981,,S
716,0,2,"Lee, Mr. Hyun",male,26.3,3,0,T381172,13.2811,,S
717,1,3,"Yoon, Mr. Woojin",male,17.2,0,0,T482078,0.1635,,S
718,1,3,"Song, Miss. Chaewon",female,26,0,0,T312057,24.0882,,C
719,1,3,"Oh, Mrs. Hana",female,30.8,0,0,T341069,29.751,A86,C
720,0,3,"Lee, Mr. Hyun",male,34.3,0,0,T278690,12.5512,,S
721,0,2,"Hwang, Mr. Taeyang",male,53.1,0,0,T687844,43.8865,D83,S
722,0,2,"Lim, Mr. Daniel",male,,0,0,T855138,36.2609,,S
723,1,3,"Jeon, Miss. Sora",female,,0,0,T697692,5.2364,,S
724,1,1,"Ahn, Mr. Junho",male,48.6,0,3,T931522,42.2434,,S
725,0,2,"Shin, Mr. Jiho",male,36.5,0,0,T379835,37.911,D51,S
726,1,3,"Shin, Mrs. Chaewon",female,,0,0,T475066,35.8257,,C
727,1,2,"Shin, Mrs. Sora",female,44.3,0,0,T581791,37.4749,,C
728,1,3,"Ryu, Miss. Eunbi",female,,0,0,T780124,5.7949,D109,S
729,0,1,"Hwang, Mr. Sungmin",male,30,4,1,T610458,51.094,,S
730,0,3,"Han, Mr. Hyun",male,6.8,0,0,T248081,20.6317,,S
731,0,2,"Park, Mr. Minsu",male,31.6,0,0,T242359,4.0929,,S
732,0,3,"Oh, Mrs. Sora",female,52.2,0,1,T631201,16.5129,,Q
733,0,1,"Yoon, Mr. Daniel",male,18.5,0,0,T283214,52.2692,,S
734,0,2,"Shin, Miss. Seoyeon",female,,0,0,T555508,14.3389,,S
735,1,3,"Jeon, Mr. Junho",male,18.9,2,0,T950205,30.5409,D36,S
736,0,3,"Hong, Mr. Sungmin",male,38.1,0,2,T999149,0.6481,,C
737,1,3,"Choi, Mr. Jiho",male,,0,0,T368070,12.7723,,S
738,0,1,"Shin, Mr. Jiho",male,27.2,0,0,T980481,101.4843,,S
739,0,3,"Oh, Miss. Chaewon",female,,2,1,T429752,22.0747,,Q
740,0,3,"Oh, Mrs. Jiwoo",female,40.3,4,0,T533306,41.2686,,C
741,0,1,"Seo, Miss. Sora",female,23.8,0,0,T846519,65.4104,,S
742,0,3,"Park, Mr. Sungmin",male,61.8,2,1,T422226,4.5753,,S
743,0,3,"Ko, Mrs. Sora",female,28.9,2,3,T248563,6.1879,,S
744,0,2,"Park, Miss. Sora",female,21.6,0,0,T641206,4.4993,,S
745,1,1,"Ahn, Miss. Jiwoo",female,,4,2,T153535,11.9156,,C
746,0,1,"Oh, Mr. Hyun",male,16.5,3,0,T351020,198.747,C134,C
747,0,3,"Seo, Mrs. Chaewon",female,29.6,2,0,T227216,11.9413,,C
748,0,3,"Ahn, Mrs. Seoyeon",female,39.7,0,2,T823927,16.0232,,S
749,0,3,"Jeon, Mr. Woojin",male,29.7,0,0,T206795,15.6269,,S
750,1,3,"Jeon, Mr. Hyun",male,24.4,2,0,T251799,12.9534,A80,C
751,0,1,"Ryu, Mr. Daniel",male,,0,0,T340563,88.9449,,S
752,0,2,"Ahn, Miss. Hana",female,18.4,0,1,T568832,25.5348,,S
753,1,3,"Yoon, Mrs. Sora",female,24,0,0,T645968,13.7799,,S
754,0,3,"Han, Mr. Daniel",male,26.6,0,0,T843986,12.8892,,S
755,0,3,"Hong, Miss. Yuna",female,0.5,0,0,T803874,35.9003,,S
756,1,3,"Park, Mrs. Seoyeon",female,26.9,4,0,T907388,22.6833,C2,C
757,0,3,"Jung, Mr. Woojin",male,16.3,0,0,T521620,13.2776,,C
758,0,3,"Seo, Mr. Minsu",male,50,0,0,T102731,10.9536,,S
759,0,2,"Shin, Mr. Sungmin",male,28.2,0,0,T190797,3.7412,,S
760,0,3,"Kang, Mr. Woojin",male,28.1,4,0,T317165,17.9692,,S
761,0,3,"Lee, Mr. Sungmin",male,38,0,0,T490926,21.8515,C108,S
762,0,3,"Kang, Mr. Woojin",male,31.4,3,1,T543817,15.6087,,S
763,0,3,"Jeon, Mr. Junho",male,25.9,4,1,T377015,26.7739,C38,S
764,1,3,"Lim, Mrs. Chaewon",female,42.3,0,0,T240819,8.1351,,S
765,1,2,"Han, Mrs. Jiwoo",female,39.5,0,0,T604338,9.4356,D78,Q
766,1,2,"Song, Mr. Daniel",male,32.9,0,0,T434050,29.5469,,S
767,1,2,"Han, Mrs. Yuna",female,13.2,0,0,T705934,15.5868,,S
768,0,2,"Jung, Mr. Daniel",male,,1,0,T292078,18.7716,,S
769,0,3,"Hwang, Mr. Taeyang",male,18.3,4,1,T570420,14.6803,,C
770,0,3,"Kwon, Mr. Minsu",male,51.6,0,0,T691555,22.7617,,S
771,0,2,"Kang, Mr. Taeyang",male,18.8,2,0,T977662,21.33,,S
772,1,1,"Oh, Mr. Junho",male,38.4,0,1,T265531,62.9144,,Q
773,1,1,"Ko, Mr. Junho",male,19.1,4,0,T846964,157.7262,,C
774,0,3,"Song, Mr. Sungmin",male,19.1,0,0,T118326,14.5711,,S
775,1,3,"Kim, Mrs. Minji",female,21.3,1,0,T834843,14.4895,,S
776,1,3,"Lim, Mrs. Jiwoo",female,58.4,0,0,T205732,12.8632,,S
777,0,3,"Jeon, Mr. Junho",male,35.8,3,2,T720684,28.3411,F110,S
778,0,3,"Yoon, Mr. Minsu",male,,0,0,T176165,13.5056,,S
779,0,2,"Ko, Mr. Jiho",male,1,2,3,T425231,11.8637,,S
780,0,3,"Choi, Mr. Taeyang",male,33.2,0,0,T415242,15.1425,B88,C
781,0,1,"Lee, Mr. Daniel",male,,0,0,T749050,83.1646,D6,S
782,1,3,"Kwon, Mr. Woojin",male,19.9,0,2,T138818,4.7613,D1,Q
783,0,1,"Kwon, Mr. Taeyang",male,,3,0,T285814,142.1915,,S
784,1,3,"Ryu, Mrs. Jiwoo",female,38.1,0,0,T138098,13.3297,,S
785,0,1,"Ko, Mr. Sungmin",male,,0,0,T287861,192.5569,,S
786,1,3,"Shin, Mr. Hyun",male,,1,1,T934369,24.2123,,C
787,0,3,"Shin, Miss. Minji",female,10.7,0,0,T991253,13.7135,,S
788,0,3,"Ryu, Mr. Daniel",male,22.8,0,0,T912711,12.9205,,Q
789,1,3,"Kang, Mr. Hyun",male,20.2,0,0,T358138,21.2071,,S
790,0,3,"Ryu, Mr. Daniel",male,,3,0,T314591,17.9408,,S
791,1,1,"Ko, Miss. Seoyeon",female,9.5,0,0,T422620,16.1196,,S
792,0,2,"Kang, Mr. Woojin",male,37.1,0,1,T551577,9.8426,,S
793,0,1,"Kwon, Mr. Junho",male,0.5,0,0,T929872,44.13,F71,S
794,1,2,"Ahn, Mrs. Chaewon",female,28.1,2,0,T538602,11.1005,,C
795,0,2,"Kang, Mr. Taeyang",male,35.7,0,0,T679819,14.2407,,S
796,1,3,"Ryu, Mr. Minsu",male,61.6,0,0,T721281,6.0183,,S
797,1,3,"Hwang, Mrs. Minji",female,17,4,0,T419307,33.7586,,S
798,0,3,"Yoon, Mrs. Jiwoo",female,19.9,0,0,T140425,24.1858,,S
799,0,3,"Shin, Mr. Taeyang",male,,0,0,T846729,16.4092,,S
800,0,2,"Hwang, Mr. Sungmin",male,21.9,2,0,T359443,13.0821,C32,S
801,1,2,"Lim, Miss. Chaewon",female,43.9,0,0,T656156,32.5643,,S
802,0,3,"Kwon, Mr. Taeyang",male,13.1,0,0,T480992,10.73,B59,S
803,0,3,"Choi, Mr. Minsu",male,43,4,0,T913679,3.3199,F118,S
804,0,1,"Lee, Mr. Minsu",male,33.9,0,2,T194514,166.713,,S
805,1,2,"Ko, Mr. Woojin",male,,0,2,T308249,12.0409,F23,S
806,0,2,"Hwang, Mr. Jiho",male,29.1,0,0,T453674,35.1954,,S
807,0,3,"Shin, Mr. Daniel",male,,0,2,T131460,6.5723,B90,S
808,0,1,"Lee, Mr. Minsu",male,,0,3,T470540,21.3991,,S
809,0,3,"Lee, Mr. Junho",male,44.6,0,2,T237795,30.4301,,S
810,0,2,"Shin, Mr. Jiho",male,15.2,2,0,T494512,9.4957,,S
811,0,3,"Ahn, Mr. Hyun",male,37.4,4,0,T744023,0.1486,,C
812,0,1,"Lim, Mr. Junho",male,,0,0,T442133,60.1691,F9,S
813,0,3,"Seo, Mr. Hyun",male,39.8,3,0,T200280,26.3826,E46,S
814,0,3,"Ko, Mrs. Hana",female,30.1,0,2,T202414,19.7636,,C
815,0,3,"Ryu, Mr. Sungmin",male,32.3,3,0,T181208,39.3972,B68,S
816,0,1,"Kang, Mr. Junho",male,44.9,4,0,T402335,30.6544,,S
817,0,3,"Jeon, Mr. Hyun",male,36.4,0,2,T394934,6.2498,D125,C
818,0,3,"Lim, Mr. Jiho",male,15.7,0,2,T784037,15.6484,,S
819,0,3,"Kwon, Mr. Hyun",male,,0,0,T399321,18.5796,,S
820,0,3,"Park, Mr. Junho",male,,0,0,T373057,35.8387,,S
821,0,1,"Ko, Mr. Woojin",male,23.8,3,0,T251807,36.7326,,S
822,1,3,"Seo, Mr. Daniel",male,,0,0,T461362,17.6754,A113,S
823,0,3,"Jeon, Mr. Jiho",male,21.7,0,0,T308358,22.6622,A78,Q
824,0,3,"Jung, Mr. Taeyang",male,22.5,3,3,T876545,1.0372,C120,C
825,1,3,"Park, Mr. Jiho",male,10.8,0,0,T100112,18.6722,,Q
826,0,1,"Ko, Mr. Sungmin",male,21.9,2,3,T262059,26.6743,,S
827,0,2,"Hwang, Mr. Taeyang",male,15.1,4,0,T118105,7.94,,S
828,0,3,"Kang, Miss. Chaewon",female,35.7,0,0,T735122,6.1897,,S
829,1,1,"Oh, Mr. Junho",male,16.8,0,0,T611638,216.1298,C131,Q
830,0,3,"Ahn, Miss. Chaewon",female,,0,3,T204955,35.4734,,S
831,0,2,"Jeon, Mr. Daniel",male,60.1,0,2,T648411,40.669,,S
832,0,2,"Hong, Mr. Minsu",male,8.4,2,0,T658236,22.3554,,S
833,0,2,"Kim, Mr. Minsu",male,17.1,0,1,T385835,9.6223,A2,S
834,0,3,"Hong, Mr. Hyun",male,37.9,0,2,T670592,17.1739,,S
835,1,3,"Oh, Miss. Seoyeon",female,57.4,0,0,T664174,0.7608,F21,S
836,0,3,"Ko, Mr. Woojin",male,44,0,0,T385443,14.9526,A27,S
837,1,3,"Kang, Mr. Junho",male,60.2,0,0,T262284,19.0852,,S
838,1,3,"Oh, Mrs. Minji",female,27.8,4,3,T765132,7.4278,,S
839,0,3,"Oh, Mr. Daniel",male,8.6,1,0,T526538,19.9438,,S
840,1,3,"Seo, Mrs. Yuna",female,,0,0,T789767,27.139,,S
841,0,1,"Jung, Mr. Hyun",male,18.1,2,1,T472359,164.1069,E113,S
842,1,2,"Kwon, Mrs. Minji",female,17.8,0,1,T291718,23.5036,,Q
843,1,1,"Kang, Mrs. Eunbi",female,34,2,1,T147164,236.3879,,S
844,0,3,"Choi, Mr. Minsu",male,,3,0,T690986,31.8936,D106,S
845,1,2,"Kwon, Mrs. Minji",female,,4,0,T302988,16.6309,,S
846,0,3,"Jung, Mr. Junho",male,13.4,0,0,T957419,13.9856,,S
847,1,3,"Hong, Mr. Sungmin",male,40.5,1,1,T684274,21.0544,,Q
848,0,3,"Park, Mr. Sungmin",male,,3,0,T565765,14.1546,,S
849,0,1,"Seo, Mr. Hyun",male,19.8,4,0,T742622,201.9004,D95,S
850,1,2,"Ryu, Miss. Minji",female,21.4,0,0,T172394,27.4212,,S
851,0,1,"Jeon, Mr. Woojin",male,37.7,0,1,T679485,0.1875,,S
852,0,2,"Ahn, Mr. Sungmin",male,31.8,1,1,T387416,48.2561,,S
853,1,2,"Song, Mrs. Jiwoo",female,14.3,1,0,T653826,3.1123,,Q
854,1,2,"Kwon, Mrs. Seoyeon",female,53.3,0,0,T785772,18.8862,B129,S
855,0,1,"Lim, Mr. Sungmin",male,39.7,0,0,T239095,67.7709,,C
856,1,3,"Hong, Mrs. Yuna",female,15,3,0,T814409,19.0036,,Q
857,1,1,"Park, Miss. Seoyeon",female,15.6,0,0,T703388,86.9704,,S
858,0,1,"Kang, Mr. Minsu",male,18.6,0,0,T111097,151.326,,S
859,1,2,"Song, Mrs. Eunbi",female,38.4,0,1,T157550,26.5927,,S
860,0,1,"Shin, Mr. Daniel",male,12.8,0,0,T916743,165.8315,,S
861,0,3,"Hwang, Mr. Daniel",male,29.3,1,0,T130472,5.7665,,Q
862,0,2,"Shin, Mr. Taeyang",male,,0,2,T534445,24.7789,,C
863,0,3,"Yoon, Mr. Daniel",male,,0,0,T279559,24.7605,,S
864,0,1,"Seo, Mr. Minsu",male,13.4,0,0,T436958,153.4409,E126,Q
865,0,1,"Kim, Mr. Hyun",male,40.8,0,0,T954513,215.45,,S
866,0,3,"Ahn, Mr. Daniel",male,,4,0,T437878,14.519,,S
867,0,3,"Lim, Mr. Sungmin",male,18.1,0,0,T939508,16.0698,D120,S
868,0,3,"Ahn, Mr. Jiho",male,38.9,0,3,T419854,13.146,A38,S
869,1,3,"Ryu, Mrs. Minji",female,41.7,4,0,T924950,17.3568,,
870,1,3,"Lee, Miss. Minji",female,31.2,0,0,T535147,17.7548,,C
871,0,2,"Ryu, Mr. Daniel",male,,0,0,T151254,43.3193,,S
872,1,1,"Lim, Mr. Sungmin",male,51.4,0,0,T792657,42.7202,,S
873,1,2,"Han, Mrs. Chaewon",female,34.7,0,0,T527684,24.3298,,S
874,1,3,"Hwang, Miss. Sora",female,,0,1,T745008,17.4441,,C
875,1,3,"Ahn, Miss. Hana",female,34.9,0,0,T169009,15.1434,B37,S
876,0,2,"Jeon, Mr. Taeyang",male,35.5,4,0,T635609,48.2557,,S
877,0,2,"Park, Mr. Sungmin",male,49.2,0,1,T338143,56.132,,Q
878,1,1,"Lee, Mr. Junho",male,40.3,0,0,T945813,152.303,B110,C
879,0,2,"Ahn, Mr. Woojin",male,14.6,0,3,T100406,2.7311,F63,S
880,1,1,"Jeon, Mr. Sungmin",male,10.3,2,1,T718078,70.3392,E117,S
881,1,3,"Ryu, Mr. Woojin",male,33.9,4,0,T459017,12.0177,A38,S
882,1,3,"Seo, Mrs. Hana",female,,3,0,T100114,17.4495,,S
883,0,3,"Oh, Mr. Sungmin",male,,0,3,T812139,7.3385,C131,S
884,1,3,"Park, Miss. Sora",female,38.2,1,0,T162146,17.0532,A81,S
885,0,1,"Ahn, Mr. Sungmin",male,4.8,0,0,T736199,29.5897,,S
886,0,3,"Oh, Mr. Woojin",male,0.6,0,0,T979994,5.9051,,S
887,0,3,"Oh, Mr. Jiho",male,10.8,0,0,T431378,40.0886,,C
888,0,3,"Seo, Mr. Daniel",male,22.9,3,0,T816542,31.1112,,C
889,0,3,"Shin, Mr. Minsu",male,,0,0,T259357,3.2563,,S
890,0,3,"Han, Mrs. Jiwoo",female,17.7,2,0,T409311,6.5983,,Q
891,0,1,"Choi, Mrs. Yuna",female,,3,0,T169190,99.3747,,Q
